dataset_id	outcome	k	initialization	component	effect_type	effect	ci_lower	ci_upper	pvalue	n	label_positive	fdr
GSE163211	discovery_label_MASH_F1_F4_vs_others	2	NNDSVDa	endotype_1	OR_per_1SD	1.5230239044905005	1.1986839339746551	1.9351238036185563	0.000574764399939075	318	82	0.0009397139396067633
GSE163211	discovery_label_MASH_F1_F4_vs_others	2	NNDSVDa	endotype_2	OR_per_1SD	0.6585286750067089	0.5183181990452408	0.8366675463159652	0.0006264759597378422	318	82	0.0009397139396067633
GSE163211	discovery_label_MASH_F1_F4_vs_others	3	NNDSVDa	endotype_1	OR_per_1SD	1.61685796619059	1.2502482996282607	2.0909683969266477	0.00024989688944491377	318	82	0.000562268001251056
GSE163211	discovery_label_MASH_F1_F4_vs_others	3	NNDSVDa	endotype_2	OR_per_1SD	0.9424768392511964	0.7344900887627768	1.209359535431136	0.6414220023448757	318	82	0.6414220023448757
GSE163211	discovery_label_MASH_F1_F4_vs_others	3	NNDSVDa	endotype_3	OR_per_1SD	0.8199937132336553	0.6400850770815171	1.0504692482575828	0.11632420472258516	318	82	0.13086473031290832
GSE163211	discovery_label_MASH_F1_F4_vs_others	4	NNDSVDa	endotype_1	OR_per_1SD	1.608189194486838	1.2541627539417248	2.062150607754691	0.0001802370879940617	318	82	0.0005407112639821851
GSE163211	discovery_label_MASH_F1_F4_vs_others	4	NNDSVDa	endotype_2	OR_per_1SD	1.3952548073293618	1.0845762897626545	1.7949276558514038	0.00954878310544056	318	82	0.012277006849852149
GSE163211	discovery_label_MASH_F1_F4_vs_others	4	NNDSVDa	endotype_3	OR_per_1SD	2.744434924527889	2.056554621070601	3.662398740981376	6.99353108239748e-12	318	82	6.294177974157732e-11
GSE163211	discovery_label_MASH_F1_F4_vs_others	4	NNDSVDa	endotype_4	OR_per_1SD	0.4233583743965142	0.3229869656076055	0.5549211957655503	4.797207041666967e-10	318	82	2.1587431687501353e-09
