feature	k	or_pooled	ci_lower	ci_upper	prediction_interval_lower	prediction_interval_upper	I2_percent	tau2	Q
endotype_1	6	1.3773453343273703	1.1140701199674043	1.7028373133720531	0.9876997792180293	1.9207052688574162	24.7060953542591	0.0170701501429272	6.640643785874945
endotype_2	6	0.7785462938409163	0.5556884364382761	1.0907808979047446	0.3750773410529241	1.6160249242246274	67.59842645808442	0.10922916517910221	15.4313493248464
endotype_3	6	0.7194828960076579	0.516669706779868	1.001908242064051	0.3523127869803297	1.4693069816863276	66.79561014167497	0.10416720038867941	15.058249892058765
