feature	k	or_pooled	ci_lower	ci_upper	prediction_interval_lower	prediction_interval_upper	I2_percent	tau2	Q
endotype_1	5	1.4325414769058147	1.1157825661086236	1.8392249040174635	0.9565069350161458	2.1454889744430883	33.42882714795032	0.026213600891918837	6.008606771717472
endotype_2	5	0.8517496077361744	0.5991589889794848	1.2108261874104456	0.42100570840574986	1.7232008492852509	66.46943261936059	0.09703957413940785	11.929413405362192
endotype_3	5	0.7882117728471437	0.562315144713288	1.1048569555629044	0.4040553761369499	1.5376055747474138	64.16278916956131	0.08654385493746948	11.161582911476359
