feature	method	k	pooled_or	ci_lower	ci_upper	tau2	I2_percent	Q	df
endotype_1	DL	5	1.4325414769058145	1.1157825661086236	1.8392249040174635	0.02621360089191884	33.428827147950344	6.008606771717473	4.0
endotype_1	iterated	5	1.4330277268050757	1.114315447224803	1.8428968842768219	0.027071430298369847	33.42882714795037	6.008606771717476	4.0
endotype_2	DL	5	0.8517496077361744	0.5991589889794848	1.2108261874104456	0.09703957413940781	66.46943261936059	11.92941340536219	4.0
endotype_2	iterated	5	0.8406991879126238	0.5514587854295016	1.2816463228643207	0.1609452685093853	66.46943261936059	11.92941340536219	4.0
endotype_3	DL	5	0.7882117728471438	0.562315144713288	1.1048569555629044	0.0865438549374695	64.16278916956132	11.161582911476362	4.0
endotype_3	iterated	5	0.7651465736601463	0.49436115822928184	1.1842542024960903	0.1779476737146117	64.16278916956132	11.161582911476362	4.0
