holdout_dataset_id	model	intercept	n_train	events_train	coef_endotype_1
GSE130970	logistic_regression:endotype_1	-1.1392048800599144	524	131	0.4692617077795779
GSE135251	logistic_regression:endotype_1	-1.3687052199118175	386	79	0.3412597084516127
GSE162694	logistic_regression:endotype_1	-1.0664785885710524	490	127	0.34344124738390847
GSE48452	logistic_regression:endotype_1	-1.0282798413044723	533	144	0.4494071218773853
GSE49541	logistic_regression:endotype_1	-1.3358017932669533	530	115	0.5027651389973206
GSE89632	logistic_regression:endotype_1	-1.1090367459832564	547	139	0.42664376109341917
