holdout_dataset_id	auc	brier	calibration_slope	n_test	events_test	n_train	events_train
GSE130970	0.7288306451612904	0.14496323582244172	1.6783771810978965	78	16	551	173
GSE135251	0.7067766295707472	0.18758821681982116	1.2674139458504654	216	68	413	121
GSE162694	0.7494565217391305	0.13674291815002873	1.8544436210151238	112	20	517	169
GSE163211	0.5582655826558266	0.32642271391195854	0.13887249433607224	154	82	475	107
GSE48452	0.9696969696969697	0.1523705692561089	2.2065487992494432	69	3	560	186
