holdout_dataset_id	auc	brier	calibration_slope	n_test	events_test	n_train	events_train
GSE130970	0.5453629032258065	0.16917960147425773	0.15672928948758397	78	16	524	131
GSE135251	0.6455683624801273	0.2161601219889352	1.6280531660496589	216	68	386	79
GSE162694	0.7347826086956522	0.14091431336334895	2.6702963955194847	112	20	490	127
GSE48452	0.5757575757575757	0.10026873985194144	0.5449040982968958	69	3	533	144
GSE49541	0.5328124999999999	0.2985603531878412	0.26606629484001176	72	32	530	115
GSE89632	0.5930851063829787	0.13529719227475023	1.0977453438378337	55	8	547	139
