holdout_dataset_id	auc	brier	calibration_slope	n_test	events_test	n_train	events_train
GSE130970	0.5332661290322581	0.17972835393475314	0.45942341525388375	78	16	623	205
GSE135251	0.552762321144674	0.2137632192968973	0.6820069166494189	216	68	485	153
GSE162694	0.7005434782608696	0.1623372028396706	4.421631857656455	112	20	589	201
GSE163211	0.5894308943089432	0.3199504619255155	1.169983188948803	154	82	547	139
GSE48452	0.5757575757575757	0.13628497982509666	0.8429989026326085	69	3	632	218
GSE49541	0.5328124999999999	0.26687572636758206	0.45004790105805864	72	32	629	189
