holdout_dataset_id	model	intercept	n_train	events_train	coef_endotype_1
GSE130970	logistic_regression:endotype_1	-0.7205033528863407	623	205	0.292456234253891
GSE135251	logistic_regression:endotype_1	-0.7828506440510838	485	153	0.30639872894960435
GSE162694	logistic_regression:endotype_1	-0.6586742932309184	589	201	0.19879138452223724
GSE163211	logistic_regression:endotype_1	-1.0862287795457752	547	139	0.2896840792284995
GSE48452	logistic_regression:endotype_1	-0.6486041608429081	632	218	0.29049122335752675
GSE49541	logistic_regression:endotype_1	-0.854828151565994	629	189	0.2972324887934184
