dataset_id	split_or_cohort	auc	calibration_slope	brier	n
GSE130970	LOCO_holdout:GSE130970	0.7288306451612904	1.6783771810978965	0.14496323582244172	78
GSE135251	LOCO_holdout:GSE135251	0.7067766295707472	1.2674139458504654	0.18758821681982116	216
GSE162694	LOCO_holdout:GSE162694	0.7494565217391305	1.8544436210151238	0.13674291815002873	112
GSE163211	LOCO_holdout:GSE163211	0.5582655826558266	0.13887249433607224	0.32642271391195854	154
GSE48452	LOCO_holdout:GSE48452	0.9696969696969697	2.2065487992494432	0.1523705692561089	69
