dataset_id	split_or_cohort	auc	calibration_slope	brier	n
GSE130970	LOCO_holdout:GSE130970	0.5453629032258065	0.15672928948758397	0.16917960147425773	78
GSE135251	LOCO_holdout:GSE135251	0.6455683624801273	1.6280531660496589	0.2161601219889352	216
GSE162694	LOCO_holdout:GSE162694	0.7347826086956522	2.6702963955194847	0.14091431336334895	112
GSE48452	LOCO_holdout:GSE48452	0.5757575757575757	0.5449040982968958	0.10026873985194144	69
GSE49541	LOCO_holdout:GSE49541	0.5328124999999999	0.26606629484001176	0.2985603531878412	72
GSE89632	LOCO_holdout:GSE89632	0.5930851063829787	1.0977453438378337	0.13529719227475023	55
