dataset_id	split_or_cohort	auc	calibration_slope	brier	n
GSE130970	LOCO_holdout:GSE130970	0.5332661290322581	0.45942341525388375	0.17972835393475314	78
GSE135251	LOCO_holdout:GSE135251	0.552762321144674	0.6820069166494189	0.2137632192968973	216
GSE162694	LOCO_holdout:GSE162694	0.7005434782608696	4.421631857656455	0.1623372028396706	112
GSE163211	LOCO_holdout:GSE163211	0.5894308943089432	1.169983188948803	0.3199504619255155	154
GSE48452	LOCO_holdout:GSE48452	0.5757575757575757	0.8429989026326085	0.13628497982509666	69
GSE49541	LOCO_holdout:GSE49541	0.5328124999999999	0.45004790105805864	0.26687572636758206	72
